feature,importance,importance_type
ext_sources_mean,369.0,feature_importances_
credit_to_annuity_ratio,352.0,feature_importances_
days_birth,297.0,feature_importances_
ext_source_1,279.0,feature_importances_
ext_source_2,272.0,feature_importances_
payment_rate,270.0,feature_importances_
credit_to_goods_ratio,268.0,feature_importances_
amt_annuity,262.0,feature_importances_
days_employed,262.0,feature_importances_
approved_cnt_payment_mean,220.0,feature_importances_
ext_source_3,217.0,feature_importances_
days_employed_perc,211.0,feature_importances_
prev_cnt_payment_mean,184.0,feature_importances_
new_active_debt_ratio,176.0,feature_importances_
annuity_to_income_ratio,174.0,feature_importances_
instal_amt_payment_sum,170.0,feature_importances_
new_late_payment_ratio,161.0,feature_importances_
own_car_age,153.0,feature_importances_
buro_amt_credit_max_overdue_mean,141.0,feature_importances_
code_gender,139.0,feature_importances_
amt_goods_price,130.0,feature_importances_
days_id_publish,130.0,feature_importances_
active_days_credit_max,124.0,feature_importances_
active_days_credit_enddate_max,124.0,feature_importances_
amt_credit,123.0,feature_importances_
instal_days_entry_payment_max,123.0,feature_importances_
new_bureau_debt_ratio,118.0,feature_importances_
instal_payment_diff_mean,113.0,feature_importances_
instal_dpd_mean,109.0,feature_importances_
cc_cnt_drawings_atm_current_mean,107.0,feature_importances_
instal_amt_payment_min,106.0,feature_importances_
days_registration,106.0,feature_importances_
closed_days_credit_max,104.0,feature_importances_
instal_dbd_sum,103.0,feature_importances_
buro_days_credit_max,100.0,feature_importances_
prev_name_yield_group_low_action_mean,100.0,feature_importances_
prev_app_credit_perc_min,95.0,feature_importances_
instal_payment_perc_mean,95.0,feature_importances_
active_days_credit_enddate_mean,94.0,feature_importances_
active_days_credit_enddate_min,93.0,feature_importances_
active_amt_credit_sum_sum,92.0,feature_importances_
active_days_credit_update_mean,91.0,feature_importances_
active_amt_credit_max_overdue_mean,90.0,feature_importances_
instal_amt_payment_mean,87.0,feature_importances_
closed_amt_credit_sum_sum,85.0,feature_importances_
buro_days_credit_enddate_max,85.0,feature_importances_
new_current_to_approved_credit_ratio,83.0,feature_importances_
approved_days_decision_max,82.0,feature_importances_
instal_days_entry_payment_mean,81.0,feature_importances_
approved_amt_down_payment_max,81.0,feature_importances_
active_amt_credit_sum_max,80.0,feature_importances_
id_publish_to_birth_ratio,80.0,feature_importances_
buro_days_credit_mean,79.0,feature_importances_
prev_app_credit_perc_mean,79.0,feature_importances_
instal_dbd_mean,79.0,feature_importances_
name_family_status_married,75.0,feature_importances_
pos_name_contract_status_active_mean,75.0,feature_importances_
days_last_phone_change,75.0,feature_importances_
region_population_relative,74.0,feature_importances_
active_count,74.0,feature_importances_
closed_days_credit_enddate_max,73.0,feature_importances_
pos_months_balance_size,73.0,feature_importances_
cc_cnt_drawings_current_var,72.0,feature_importances_
instal_days_entry_payment_sum,72.0,feature_importances_
closed_amt_credit_sum_mean,71.0,feature_importances_
approved_days_decision_min,71.0,feature_importances_
ext_sources_std,70.0,feature_importances_
prev_amt_down_payment_max,68.0,feature_importances_
approved_amt_annuity_mean,68.0,feature_importances_
buro_amt_credit_sum_mean,68.0,feature_importances_
instal_dbd_max,67.0,feature_importances_
prev_product_combination_cash_x_sell_low_mean,66.0,feature_importances_
closed_days_credit_var,66.0,feature_importances_
prev_amt_annuity_min,65.0,feature_importances_
instal_payment_diff_sum,65.0,feature_importances_
region_rating_client_w_city,65.0,feature_importances_
buro_days_credit_enddate_mean,65.0,feature_importances_
new_current_to_income_credit_ratio,64.0,feature_importances_
name_education_type_higher_education,62.0,feature_importances_
new_pos_dpd_ratio,61.0,feature_importances_
prev_days_decision_max,61.0,feature_importances_
cc_cnt_drawings_current_mean,60.0,feature_importances_
buro_amt_credit_sum_max,60.0,feature_importances_
buro_days_credit_update_mean,59.0,feature_importances_
closed_amt_credit_sum_max,59.0,feature_importances_
approved_cnt_payment_sum,58.0,feature_importances_
closed_days_credit_update_mean,57.0,feature_importances_
instal_amt_instalment_max,57.0,feature_importances_
active_days_credit_mean,57.0,feature_importances_
phone_change_to_birth_ratio,56.0,feature_importances_
pos_count,55.0,feature_importances_
buro_credit_type_mortgage_mean,55.0,feature_importances_
prev_app_credit_perc_var,55.0,feature_importances_
prev_amt_annuity_mean,54.0,feature_importances_
new_refusal_rate,54.0,feature_importances_
instal_amt_instalment_sum,53.0,feature_importances_
approved_amt_annuity_max,53.0,feature_importances_
instal_payment_perc_sum,53.0,feature_importances_
active_amt_credit_sum_mean,52.0,feature_importances_
prev_days_decision_mean,52.0,feature_importances_
buro_days_credit_var,52.0,feature_importances_
prev_name_yield_group_low_normal_mean,52.0,feature_importances_
active_amt_credit_sum_debt_max,52.0,feature_importances_
instal_amt_payment_max,52.0,feature_importances_
flag_document_3,51.0,feature_importances_
new_credit_to_prev_credit_ratio,51.0,feature_importances_
approved_app_credit_perc_mean,51.0,feature_importances_
buro_credit_type_microloan_mean,50.0,feature_importances_
approved_days_decision_mean,50.0,feature_importances_
credit_to_income_ratio,50.0,feature_importances_
approved_app_credit_perc_var,49.0,feature_importances_
active_days_credit_var,49.0,feature_importances_
prev_days_decision_min,49.0,feature_importances_
pos_months_balance_max,49.0,feature_importances_
instal_payment_diff_max,48.0,feature_importances_
pos_name_contract_status_completed_mean,48.0,feature_importances_
pos_months_balance_mean,47.0,feature_importances_
approved_app_credit_perc_max,47.0,feature_importances_
prev_amt_annuity_max,47.0,feature_importances_
buro_status_0_mean_mean,47.0,feature_importances_
refused_days_decision_max,46.0,feature_importances_
approved_hour_appr_process_start_mean,46.0,feature_importances_
prev_name_contract_status_refused_mean,46.0,feature_importances_
active_amt_credit_sum_debt_mean,46.0,feature_importances_
buro_amt_credit_sum_sum,45.0,feature_importances_
name_education_type_secondary_secondary_special,45.0,feature_importances_
prev_product_combination_pos_industry_with_interest_mean,44.0,feature_importances_
approved_app_credit_perc_min,44.0,feature_importances_
closed_days_credit_min,44.0,feature_importances_
closed_amt_credit_max_overdue_mean,43.0,feature_importances_
buro_credit_active_closed_mean,43.0,feature_importances_
prev_hour_appr_process_start_mean,43.0,feature_importances_
prev_app_credit_perc_max,42.0,feature_importances_
cc_cnt_drawings_atm_current_var,42.0,feature_importances_
closed_days_credit_enddate_min,41.0,feature_importances_
buro_amt_credit_sum_debt_mean,40.0,feature_importances_
instal_payment_perc_var,40.0,feature_importances_
refused_amt_annuity_min,40.0,feature_importances_
approved_amt_credit_max,39.0,feature_importances_
prev_name_yield_group_high_mean,39.0,feature_importances_
approved_amt_goods_price_max,39.0,feature_importances_
prev_name_goods_category_furniture_mean,39.0,feature_importances_
prev_rate_down_payment_max,38.0,feature_importances_
active_amt_credit_sum_limit_mean,38.0,feature_importances_
apartments_mode,38.0,feature_importances_
years_beginexpluatation_mode,38.0,feature_importances_
amt_income_total,38.0,feature_importances_
def_30_cnt_social_circle,38.0,feature_importances_
buro_days_credit_enddate_min,38.0,feature_importances_
cc_amt_credit_limit_actual_mean,37.0,feature_importances_
active_days_credit_min,37.0,feature_importances_
buro_days_credit_min,37.0,feature_importances_
buro_status_1_mean_mean,37.0,feature_importances_
approved_rate_down_payment_max,37.0,feature_importances_
def_60_cnt_social_circle,36.0,feature_importances_
prev_name_product_type_walk_in_mean,36.0,feature_importances_
closed_days_credit_enddate_mean,36.0,feature_importances_
prev_weekday_appr_process_start_wednesday_mean,36.0,feature_importances_
amt_req_credit_bureau_qrt,36.0,feature_importances_
prev_amt_down_payment_mean,34.0,feature_importances_
prev_name_type_suite_nan_mean,34.0,feature_importances_
income_per_person,34.0,feature_importances_
cc_amt_credit_limit_actual_sum,33.0,feature_importances_
approved_amt_goods_price_min,33.0,feature_importances_
livingarea_avg,33.0,feature_importances_
prev_code_reject_reason_xap_mean,33.0,feature_importances_
buro_amt_credit_sum_debt_max,33.0,feature_importances_
refused_days_decision_mean,31.0,feature_importances_
approved_amt_down_payment_mean,31.0,feature_importances_
landarea_avg,31.0,feature_importances_
prev_cnt_payment_sum,31.0,feature_importances_
prev_rate_down_payment_mean,31.0,feature_importances_
buro_status_x_mean_mean,31.0,feature_importances_
buro_amt_credit_sum_limit_mean,31.0,feature_importances_
approved_amt_annuity_min,30.0,feature_importances_
instal_amt_instalment_mean,30.0,feature_importances_
prev_product_combination_cash_x_sell_high_mean,30.0,feature_importances_
prev_amt_credit_min,30.0,feature_importances_
name_contract_type_cash_loans,30.0,feature_importances_
active_months_balance_size_mean,30.0,feature_importances_
closed_days_credit_mean,30.0,feature_importances_
totalarea_mode,29.0,feature_importances_
prev_product_combination_cash_street_low_mean,29.0,feature_importances_
reg_city_not_live_city,29.0,feature_importances_
approved_amt_credit_mean,28.0,feature_importances_
prev_name_portfolio_pos_mean,28.0,feature_importances_
prev_amt_goods_price_min,28.0,feature_importances_
instal_dpd_sum,28.0,feature_importances_
occupation_type_core_staff,28.0,feature_importances_
approved_hour_appr_process_start_max,27.0,feature_importances_
refused_app_credit_perc_min,27.0,feature_importances_
approved_amt_credit_min,27.0,feature_importances_
cc_amt_drawings_current_mean,27.0,feature_importances_
apartments_avg,27.0,feature_importances_
basementarea_mode,27.0,feature_importances_
prev_amt_credit_mean,27.0,feature_importances_
instal_count,27.0,feature_importances_
approved_rate_down_payment_mean,26.0,feature_importances_
buro_credit_active_active_mean,26.0,feature_importances_
commonarea_mode,26.0,feature_importances_
years_beginexpluatation_avg,26.0,feature_importances_
livingapartments_medi,26.0,feature_importances_
livingarea_medi,26.0,feature_importances_
approved_hour_appr_process_start_min,25.0,feature_importances_
approved_amt_application_mean,25.0,feature_importances_
instal_num_instalment_version_nunique,25.0,feature_importances_
active_amt_annuity_mean,25.0,feature_importances_
name_income_type_state_servant,25.0,feature_importances_
prev_amt_application_mean,25.0,feature_importances_
prev_channel_type_credit_and_cash_offices_mean,25.0,feature_importances_
prev_name_type_suite_unaccompanied_mean,25.0,feature_importances_
buro_count,24.0,feature_importances_
cc_amt_inst_min_regularity_var,24.0,feature_importances_
pos_sk_dpd_def_mean,24.0,feature_importances_
buro_credit_type_consumer_credit_mean,24.0,feature_importances_
prev_name_client_type_repeater_mean,24.0,feature_importances_
buro_amt_credit_sum_debt_sum,24.0,feature_importances_
flag_work_phone,24.0,feature_importances_
hour_appr_process_start,24.0,feature_importances_
nonlivingarea_medi,24.0,feature_importances_
livingarea_mode,24.0,feature_importances_
prev_name_yield_group_middle_mean,23.0,feature_importances_
refused_amt_annuity_mean,23.0,feature_importances_
new_approval_rate,23.0,feature_importances_
years_beginexpluatation_medi,23.0,feature_importances_
active_amt_annuity_max,23.0,feature_importances_
active_amt_credit_sum_limit_sum,23.0,feature_importances_
cc_amt_balance_mean,23.0,feature_importances_
buro_credit_type_credit_card_mean,23.0,feature_importances_
prev_name_seller_industry_connectivity_mean,23.0,feature_importances_
prev_channel_type_ap_cash_loan_mean,23.0,feature_importances_
active_amt_credit_sum_debt_sum,23.0,feature_importances_
pos_sk_dpd_def_max,23.0,feature_importances_
refused_app_credit_perc_var,23.0,feature_importances_
commonarea_medi,22.0,feature_importances_
years_build_mode,22.0,feature_importances_
approved_amt_goods_price_mean,22.0,feature_importances_
prev_weekday_appr_process_start_monday_mean,22.0,feature_importances_
prev_weekday_appr_process_start_friday_mean,22.0,feature_importances_
prev_name_product_type_x_sell_mean,22.0,feature_importances_
instal_payment_diff_var,22.0,feature_importances_
prev_amt_down_payment_min,21.0,feature_importances_
cc_amt_drawings_atm_current_mean,21.0,feature_importances_
prev_amt_goods_price_max,21.0,feature_importances_
buro_amt_credit_sum_overdue_mean,21.0,feature_importances_
prev_name_contract_status_approved_mean,21.0,feature_importances_
prev_channel_type_channel_of_corporate_sales_mean,21.0,feature_importances_
buro_months_balance_size_sum,21.0,feature_importances_
instal_dpd_max,21.0,feature_importances_
prev_name_goods_category_photo_cinema_equipment_mean,20.0,feature_importances_
prev_amt_goods_price_mean,20.0,feature_importances_
instal_payment_perc_max,20.0,feature_importances_
cc_amt_credit_limit_actual_var,20.0,feature_importances_
prev_product_combination_cash_x_sell_middle_mean,20.0,feature_importances_
buro_amt_credit_sum_limit_sum,20.0,feature_importances_
prev_name_seller_industry_consumer_electronics_mean,20.0,feature_importances_
cc_amt_receivable_principal_mean,20.0,feature_importances_
prev_channel_type_stone_mean,19.0,feature_importances_
organization_type_self_employed,19.0,feature_importances_
closed_months_balance_size_sum,19.0,feature_importances_
refused_cnt_payment_mean,19.0,feature_importances_
prev_weekday_appr_process_start_saturday_mean,19.0,feature_importances_
organization_type_school,19.0,feature_importances_
active_months_balance_size_sum,19.0,feature_importances_
closed_amt_annuity_max,19.0,feature_importances_
buro_amt_annuity_mean,18.0,feature_importances_
buro_amt_annuity_max,18.0,feature_importances_
refused_amt_credit_min,18.0,feature_importances_
closed_count,18.0,feature_importances_
pos_name_contract_status_signed_mean,18.0,feature_importances_
organization_type_construction,18.0,feature_importances_
prev_weekday_appr_process_start_thursday_mean,18.0,feature_importances_
buro_status_c_mean_mean,18.0,feature_importances_
floorsmax_avg,18.0,feature_importances_
prev_rate_down_payment_min,18.0,feature_importances_
nonlivingarea_avg,18.0,feature_importances_
prev_name_seller_industry_furniture_mean,18.0,feature_importances_
prev_product_combination_pos_household_without_interest_mean,18.0,feature_importances_
prev_hour_appr_process_start_max,18.0,feature_importances_
basementarea_medi,17.0,feature_importances_
cc_amt_payment_total_current_sum,17.0,feature_importances_
closed_months_balance_size_mean,17.0,feature_importances_
landarea_mode,17.0,feature_importances_
name_income_type_working,17.0,feature_importances_
region_rating_client,17.0,feature_importances_
buro_credit_type_car_loan_mean,17.0,feature_importances_
cc_amt_drawings_current_var,17.0,feature_importances_
refused_days_decision_min,17.0,feature_importances_
prev_name_client_type_new_mean,17.0,feature_importances_
prev_name_yield_group_xna_mean,17.0,feature_importances_
organization_type_military,17.0,feature_importances_
prev_name_goods_category_consumer_electronics_mean,17.0,feature_importances_
nonlivingapartments_mode,16.0,feature_importances_
refused_hour_appr_process_start_mean,16.0,feature_importances_
buro_months_balance_min_min,16.0,feature_importances_
apartments_medi,16.0,feature_importances_
prev_name_seller_industry_xna_mean,16.0,feature_importances_
prev_weekday_appr_process_start_tuesday_mean,16.0,feature_importances_
prev_name_payment_type_xna_mean,16.0,feature_importances_
prev_weekday_appr_process_start_sunday_mean,16.0,feature_importances_
prev_amt_application_min,16.0,feature_importances_
landarea_medi,16.0,feature_importances_
cc_cnt_instalment_mature_cum_mean,15.0,feature_importances_
commonarea_avg,15.0,feature_importances_
basementarea_avg,15.0,feature_importances_
prev_amt_application_max,15.0,feature_importances_
prev_product_combination_pos_mobile_with_interest_mean,15.0,feature_importances_
years_build_medi,15.0,feature_importances_
prev_name_goods_category_mobile_mean,15.0,feature_importances_
prev_name_client_type_refreshed_mean,15.0,feature_importances_
prev_code_reject_reason_sco_mean,15.0,feature_importances_
refused_amt_annuity_max,15.0,feature_importances_
refused_app_credit_perc_max,15.0,feature_importances_
cc_amt_payment_total_current_max,15.0,feature_importances_
cc_amt_payment_current_mean,15.0,feature_importances_
closed_months_balance_min_min,15.0,feature_importances_
refused_amt_credit_max,15.0,feature_importances_
cc_amt_payment_current_sum,15.0,feature_importances_
livingapartments_mode,15.0,feature_importances_
obs_30_cnt_social_circle,15.0,feature_importances_
livingapartments_avg,15.0,feature_importances_
prev_name_seller_industry_construction_mean,14.0,feature_importances_
prev_name_contract_status_canceled_mean,14.0,feature_importances_
prev_product_combination_pos_household_with_interest_mean,14.0,feature_importances_
refused_cnt_payment_sum,14.0,feature_importances_
nonlivingarea_mode,14.0,feature_importances_
flag_own_car,14.0,feature_importances_
cc_amt_balance_min,14.0,feature_importances_
cc_months_balance_mean,14.0,feature_importances_
closed_amt_annuity_mean,13.0,feature_importances_
prev_code_reject_reason_limit_mean,13.0,feature_importances_
buro_months_balance_size_mean,13.0,feature_importances_
approved_amt_application_max,13.0,feature_importances_
cc_amt_balance_max,13.0,feature_importances_
refused_amt_goods_price_min,13.0,feature_importances_
prev_amt_credit_max,13.0,feature_importances_
prev_channel_type_contact_center_mean,13.0,feature_importances_
floorsmin_avg,12.0,feature_importances_
prev_name_goods_category_clothing_and_accessories_mean,12.0,feature_importances_
pos_name_contract_status_returned_to_the_store_mean,12.0,feature_importances_
prev_name_type_suite_family_mean,12.0,feature_importances_
prev_name_portfolio_cash_mean,12.0,feature_importances_
prev_name_type_suite_spouse_partner_mean,12.0,feature_importances_
prev_product_combination_cash_street_high_mean,12.0,feature_importances_
refused_amt_application_min,12.0,feature_importances_
refused_amt_goods_price_mean,12.0,feature_importances_
occupation_type_drivers,12.0,feature_importances_
refused_amt_application_max,12.0,feature_importances_
prev_name_payment_type_cash_through_the_bank_mean,11.0,feature_importances_
prev_code_reject_reason_hc_mean,11.0,feature_importances_
cc_cnt_drawings_current_max,11.0,feature_importances_
prev_hour_appr_process_start_min,11.0,feature_importances_
cc_amt_inst_min_regularity_mean,11.0,feature_importances_
entrances_avg,11.0,feature_importances_
prev_name_goods_category_computers_mean,11.0,feature_importances_
cc_amt_drawings_atm_current_var,11.0,feature_importances_
approved_amt_down_payment_min,11.0,feature_importances_
cc_name_contract_status_sent_proposal_mean,11.0,feature_importances_
prev_product_combination_cash_mean,11.0,feature_importances_
obs_60_cnt_social_circle,11.0,feature_importances_
refused_rate_down_payment_max,11.0,feature_importances_
prev_name_product_type_xna_mean,11.0,feature_importances_
prev_name_portfolio_xna_mean,11.0,feature_importances_
amt_req_credit_bureau_year,11.0,feature_importances_
cc_months_balance_sum,11.0,feature_importances_
cc_amt_drawings_current_sum,10.0,feature_importances_
prev_product_combination_card_street_mean,10.0,feature_importances_
nonlivingapartments_medi,10.0,feature_importances_
prev_product_combination_card_x_sell_mean,10.0,feature_importances_
floorsmax_mode,10.0,feature_importances_
cc_amt_payment_current_var,10.0,feature_importances_
cc_amt_payment_current_max,10.0,feature_importances_
cc_cnt_drawings_current_sum,10.0,feature_importances_
refused_rate_down_payment_mean,10.0,feature_importances_
nonlivingapartments_avg,10.0,feature_importances_
refused_hour_appr_process_start_min,10.0,feature_importances_
organization_type_police,10.0,feature_importances_
occupation_type_accountants,10.0,feature_importances_
approved_rate_down_payment_min,10.0,feature_importances_
refused_amt_goods_price_max,10.0,feature_importances_
occupation_type_sales_staff,9.0,feature_importances_
organization_type_business_entity_type_3,9.0,feature_importances_
refused_app_credit_perc_mean,9.0,feature_importances_
approved_amt_application_min,9.0,feature_importances_
cc_amt_balance_var,9.0,feature_importances_
prev_name_goods_category_audio_video_mean,9.0,feature_importances_
cc_amt_drawings_other_current_max,9.0,feature_importances_
closed_amt_credit_sum_debt_sum,9.0,feature_importances_
cc_amt_drawings_atm_current_sum,9.0,feature_importances_
active_months_balance_min_min,9.0,feature_importances_
cc_cnt_instalment_mature_cum_var,9.0,feature_importances_
flag_document_18,9.0,feature_importances_
prev_name_goods_category_xna_mean,9.0,feature_importances_
cc_amt_drawings_pos_current_sum,9.0,feature_importances_
cc_amt_recivable_min,8.0,feature_importances_
cc_amt_payment_total_current_var,8.0,feature_importances_
cc_cnt_drawings_atm_current_sum,8.0,feature_importances_
closed_amt_credit_sum_limit_mean,8.0,feature_importances_
prev_product_combination_pos_industry_without_interest_mean,8.0,feature_importances_
occupation_type_laborers,8.0,feature_importances_
prev_product_combination_cash_street_middle_mean,8.0,feature_importances_
years_build_avg,8.0,feature_importances_
pos_sk_dpd_max,8.0,feature_importances_
prev_channel_type_regional_local_mean,8.0,feature_importances_
prev_channel_type_country_wide_mean,8.0,feature_importances_
prev_name_portfolio_cards_mean,8.0,feature_importances_
pos_sk_dpd_mean,8.0,feature_importances_
name_family_status_single_not_married,8.0,feature_importances_
cc_count,8.0,feature_importances_
organization_type_kindergarten,8.0,feature_importances_
prev_name_cash_loan_purpose_xna_mean,8.0,feature_importances_
entrances_mode,8.0,feature_importances_
cc_amt_drawings_pos_current_max,7.0,feature_importances_
prev_name_type_suite_children_mean,7.0,feature_importances_
closed_amt_credit_sum_debt_mean,7.0,feature_importances_
refused_amt_credit_mean,7.0,feature_importances_
refused_amt_application_mean,7.0,feature_importances_
cnt_fam_members,7.0,feature_importances_
name_contract_type_revolving_loans,7.0,feature_importances_
prev_name_goods_category_construction_materials_mean,7.0,feature_importances_
prev_name_contract_type_consumer_loans_mean,7.0,feature_importances_
cc_name_contract_status_active_sum,7.0,feature_importances_
cc_amt_receivable_principal_var,7.0,feature_importances_
cc_cnt_drawings_pos_current_var,7.0,feature_importances_
cc_amt_credit_limit_actual_min,7.0,feature_importances_
cc_amt_total_receivable_mean,7.0,feature_importances_
refused_hour_appr_process_start_max,6.0,feature_importances_
prev_name_seller_industry_industry_mean,6.0,feature_importances_
cc_cnt_drawings_pos_current_mean,6.0,feature_importances_
elevators_avg,6.0,feature_importances_
prev_name_contract_type_revolving_loans_mean,6.0,feature_importances_
prev_name_contract_type_cash_loans_mean,6.0,feature_importances_
cc_cnt_instalment_mature_cum_max,6.0,feature_importances_
cc_amt_recivable_mean,6.0,feature_importances_
cc_cnt_instalment_mature_cum_min,6.0,feature_importances_
cc_amt_payment_total_current_mean,6.0,feature_importances_
cc_amt_drawings_current_max,6.0,feature_importances_
floorsmax_medi,6.0,feature_importances_
cc_amt_drawings_pos_current_mean,6.0,feature_importances_
floorsmin_mode,6.0,feature_importances_
prev_name_seller_industry_clothing_mean,6.0,feature_importances_
organization_type_industry_type_9,6.0,feature_importances_
amt_req_credit_bureau_mon,5.0,feature_importances_
weekday_appr_process_start_friday,5.0,feature_importances_
buro_credit_active_sold_mean,5.0,feature_importances_
cc_amt_drawings_pos_current_var,5.0,feature_importances_
weekday_appr_process_start_monday,5.0,feature_importances_
approved_sk_id_prev_nunique,5.0,feature_importances_
refused_amt_down_payment_mean,5.0,feature_importances_
refused_amt_down_payment_max,5.0,feature_importances_
cc_cnt_instalment_mature_cum_sum,5.0,feature_importances_
cc_cnt_drawings_pos_current_min,5.0,feature_importances_
cc_amt_recivable_var,5.0,feature_importances_
prev_name_payment_type_non_cash_from_your_account_mean,5.0,feature_importances_
cc_amt_inst_min_regularity_sum,4.0,feature_importances_
cc_amt_recivable_max,4.0,feature_importances_
flag_document_16,4.0,feature_importances_
prev_name_cash_loan_purpose_xap_mean,4.0,feature_importances_
cc_amt_payment_current_min,4.0,feature_importances_
cc_amt_total_receivable_max,4.0,feature_importances_
refused_sk_id_prev_nunique,4.0,feature_importances_
organization_type_security_ministries,4.0,feature_importances_
cc_months_balance_max,4.0,feature_importances_
buro_months_balance_max_max,4.0,feature_importances_
cc_amt_total_receivable_var,4.0,feature_importances_
active_amt_credit_sum_overdue_mean,4.0,feature_importances_
buro_status_2_mean_mean,4.0,feature_importances_
cc_amt_drawings_other_current_var,4.0,feature_importances_
cc_amt_credit_limit_actual_max,4.0,feature_importances_
floorsmin_medi,4.0,feature_importances_
cc_name_contract_status_sent_proposal_var,4.0,feature_importances_
prev_product_combination_pos_other_with_interest_mean,4.0,feature_importances_
flag_phone,4.0,feature_importances_
pos_name_contract_status_approved_mean,4.0,feature_importances_
wallsmaterial_mode_stone_brick,3.0,feature_importances_
approved_count,3.0,feature_importances_
cc_cnt_drawings_pos_current_sum,3.0,feature_importances_
prev_sk_id_prev_nunique,3.0,feature_importances_
cc_sk_dpd_mean,3.0,feature_importances_
cc_name_contract_status_active_var,3.0,feature_importances_
closed_amt_credit_sum_debt_max,3.0,feature_importances_
occupation_type_low_skill_laborers,3.0,feature_importances_
wallsmaterial_mode_panel,3.0,feature_importances_
prev_count,3.0,feature_importances_
cc_name_contract_status_completed_mean,3.0,feature_importances_
cc_cnt_drawings_atm_current_max,3.0,feature_importances_
closed_months_balance_max_max,3.0,feature_importances_
elevators_mode,3.0,feature_importances_
buro_status_3_mean_mean,3.0,feature_importances_
entrances_medi,3.0,feature_importances_
prev_name_contract_status_unused_offer_mean,3.0,feature_importances_
flag_document_8,3.0,feature_importances_
cc_amt_balance_sum,3.0,feature_importances_
name_income_type_commercial_associate,3.0,feature_importances_
prev_name_goods_category_medical_supplies_mean,3.0,feature_importances_
cc_amt_drawings_atm_current_max,3.0,feature_importances_
name_housing_type_house_apartment,3.0,feature_importances_
cc_months_balance_var,3.0,feature_importances_
weekday_appr_process_start_saturday,3.0,feature_importances_
cc_amt_inst_min_regularity_max,2.0,feature_importances_
cc_sk_dpd_var,2.0,feature_importances_
cc_amt_recivable_sum,2.0,feature_importances_
cc_amt_total_receivable_min,2.0,feature_importances_
cc_amt_receivable_principal_min,2.0,feature_importances_
prev_name_cash_loan_purpose_other_mean,2.0,feature_importances_
active_cnt_credit_prolong_sum,2.0,feature_importances_
active_months_balance_max_max,2.0,feature_importances_
cc_amt_total_receivable_sum,2.0,feature_importances_
weekday_appr_process_start_tuesday,2.0,feature_importances_
name_family_status_separated,2.0,feature_importances_
weekday_appr_process_start_thursday,2.0,feature_importances_
name_housing_type_office_apartment,2.0,feature_importances_
live_region_not_work_region,2.0,feature_importances_
cc_months_balance_min,2.0,feature_importances_
cc_amt_drawings_other_current_sum,2.0,feature_importances_
prev_name_goods_category_auto_accessories_mean,2.0,feature_importances_
prev_name_type_suite_other_a_mean,2.0,feature_importances_
occupation_type_managers,2.0,feature_importances_
name_type_suite_family,2.0,feature_importances_
refused_count,2.0,feature_importances_
prev_product_combination_pos_mobile_without_interest_mean,2.0,feature_importances_
name_type_suite_unaccompanied,2.0,feature_importances_
occupation_type_high_skill_tech_staff,2.0,feature_importances_
organization_type_other,2.0,feature_importances_
cc_name_contract_status_signed_var,1.0,feature_importances_
occupation_type_nan,1.0,feature_importances_
organization_type_transport_type_4,1.0,feature_importances_
refused_rate_down_payment_min,1.0,feature_importances_
weekday_appr_process_start_wednesday,1.0,feature_importances_
name_type_suite_other_b,1.0,feature_importances_
name_type_suite_spouse_partner,1.0,feature_importances_
name_education_type_incomplete_higher,1.0,feature_importances_
organization_type_bank,1.0,feature_importances_
reg_region_not_work_region,1.0,feature_importances_
organization_type_government,1.0,feature_importances_
refused_amt_down_payment_min,1.0,feature_importances_
occupation_type_medicine_staff,1.0,feature_importances_
organization_type_trade_type_2,1.0,feature_importances_
cnt_children,1.0,feature_importances_
name_family_status_civil_marriage,1.0,feature_importances_
prev_name_seller_industry_auto_technology_mean,1.0,feature_importances_
cc_amt_payment_total_current_min,1.0,feature_importances_
cc_amt_receivable_principal_max,1.0,feature_importances_
cc_amt_receivable_principal_sum,1.0,feature_importances_
buro_status_5_mean_mean,1.0,feature_importances_
active_credit_day_overdue_max,1.0,feature_importances_
prev_name_cash_loan_purpose_urgent_needs_mean,1.0,feature_importances_
cc_cnt_drawings_other_current_sum,1.0,feature_importances_
cc_sk_dpd_sum,1.0,feature_importances_
cc_sk_dpd_max,1.0,feature_importances_
cc_sk_dpd_def_sum,1.0,feature_importances_
cc_sk_dpd_def_max,1.0,feature_importances_
closed_amt_credit_sum_limit_sum,1.0,feature_importances_
days_employed_anom,1.0,feature_importances_
elevators_medi,1.0,feature_importances_
emergencystate_mode_no,1.0,feature_importances_
cc_cnt_drawings_other_current_var,1.0,feature_importances_
cc_name_contract_status_active_mean,1.0,feature_importances_
cc_sk_dpd_def_var,1.0,feature_importances_
prev_code_reject_reason_xna_mean,1.0,feature_importances_
prev_name_type_suite_other_b_mean,1.0,feature_importances_
cc_amt_drawings_pos_current_min,1.0,feature_importances_
prev_name_goods_category_gardening_mean,1.0,feature_importances_
prev_name_goods_category_jewelry_mean,1.0,feature_importances_
prev_name_goods_category_direct_sales_mean,1.0,feature_importances_
flag_own_realty,1.0,feature_importances_
prev_name_goods_category_homewares_mean,1.0,feature_importances_
prev_name_goods_category_sport_and_leisure_mean,1.0,feature_importances_
housetype_mode_block_of_flats,1.0,feature_importances_
name_housing_type_rented_apartment,1.0,feature_importances_
name_housing_type_with_parents,1.0,feature_importances_
organization_type_industry_type_11,0.0,feature_importances_
cc_name_contract_status_refused_max,0.0,feature_importances_
cc_name_contract_status_demand_sum,0.0,feature_importances_
cc_name_contract_status_demand_mean,0.0,feature_importances_
cc_name_contract_status_demand_max,0.0,feature_importances_
cc_name_contract_status_completed_var,0.0,feature_importances_
cc_name_contract_status_completed_sum,0.0,feature_importances_
cc_name_contract_status_completed_max,0.0,feature_importances_
cc_name_contract_status_completed_min,0.0,feature_importances_
cc_name_contract_status_approved_var,0.0,feature_importances_
cc_name_contract_status_approved_sum,0.0,feature_importances_
cc_name_contract_status_signed_sum,0.0,feature_importances_
cc_name_contract_status_signed_mean,0.0,feature_importances_
cc_name_contract_status_signed_max,0.0,feature_importances_
cc_name_contract_status_sent_proposal_sum,0.0,feature_importances_
cc_name_contract_status_signed_min,0.0,feature_importances_
organization_type_industry_type_3,0.0,feature_importances_
cc_name_contract_status_refused_mean,0.0,feature_importances_
organization_type_transport_type_2,0.0,feature_importances_
organization_type_trade_type_7,0.0,feature_importances_
organization_type_trade_type_3,0.0,feature_importances_
organization_type_services,0.0,feature_importances_
organization_type_postal,0.0,feature_importances_
organization_type_business_entity_type_1,0.0,feature_importances_
organization_type_business_entity_type_2,0.0,feature_importances_
organization_type_xna,0.0,feature_importances_
occupation_type_cleaning_staff,0.0,feature_importances_
organization_type_medicine,0.0,feature_importances_
organization_type_restaurant,0.0,feature_importances_
cc_name_contract_status_demand_var,0.0,feature_importances_
cc_name_contract_status_refused_sum,0.0,feature_importances_
amt_req_credit_bureau_week,0.0,feature_importances_
cc_name_contract_status_refused_var,0.0,feature_importances_
cc_name_contract_status_sent_proposal_max,0.0,feature_importances_
prev_channel_type_car_dealer_mean,0.0,feature_importances_
buro_credit_day_overdue_mean,0.0,feature_importances_
buro_credit_day_overdue_max,0.0,feature_importances_
buro_credit_type_another_type_of_loan_mean,0.0,feature_importances_
buro_credit_currency_currency_4_mean,0.0,feature_importances_
buro_credit_currency_currency_3_mean,0.0,feature_importances_
name_education_type_lower_secondary,0.0,feature_importances_
pos_name_contract_status_xna_mean,0.0,feature_importances_
prev_product_combination_nan_mean,0.0,feature_importances_
pos_name_contract_status_demand_mean,0.0,feature_importances_
pos_name_contract_status_canceled_mean,0.0,feature_importances_
pos_name_contract_status_amortized_debt_mean,0.0,feature_importances_
prev_name_seller_industry_tourism_mean,0.0,feature_importances_
prev_product_combination_pos_others_without_interest_mean,0.0,feature_importances_
prev_name_seller_industry_jewelry_mean,0.0,feature_importances_
prev_name_seller_industry_mlm_partners_mean,0.0,feature_importances_
wallsmaterial_mode_others,0.0,feature_importances_
wallsmaterial_mode_wooden,0.0,feature_importances_
name_income_type_pensioner,0.0,feature_importances_
name_type_suite_children,0.0,feature_importances_
wallsmaterial_mode_nan,0.0,feature_importances_
organization_type_security,0.0,feature_importances_
occupation_type_security_staff,0.0,feature_importances_
organization_type_agriculture,0.0,feature_importances_
wallsmaterial_mode_monolithic,0.0,feature_importances_
organization_type_housing,0.0,feature_importances_
occupation_type_private_service_staff,0.0,feature_importances_
occupation_type_cooking_staff,0.0,feature_importances_
reg_city_not_work_city,0.0,feature_importances_
reg_region_not_live_region,0.0,feature_importances_
wallsmaterial_mode_block,0.0,feature_importances_
wallsmaterial_mode_mixed,0.0,feature_importances_
prev_name_goods_category_insurance_mean,0.0,feature_importances_
fondkapremont_mode_reg_oper_spec_account,0.0,feature_importances_
prev_name_goods_category_education_mean,0.0,feature_importances_
prev_name_goods_category_medicine_mean,0.0,feature_importances_
cc_amt_drawings_atm_current_min,0.0,feature_importances_
cc_amt_drawings_current_min,0.0,feature_importances_
prev_name_goods_category_other_mean,0.0,feature_importances_
prev_name_goods_category_office_appliances_mean,0.0,feature_importances_
cc_amt_drawings_other_current_mean,0.0,feature_importances_
cc_amt_drawings_other_current_min,0.0,feature_importances_
buro_credit_type_mobile_operator_loan_mean,0.0,feature_importances_
buro_credit_type_real_estate_loan_mean,0.0,feature_importances_
prev_code_reject_reason_system_mean,0.0,feature_importances_
buro_credit_type_unknown_type_of_loan_mean,0.0,feature_importances_
name_housing_type_municipal_apartment,0.0,feature_importances_
live_city_not_work_city,0.0,feature_importances_
buro_cnt_credit_prolong_sum,0.0,feature_importances_
prev_name_portfolio_cars_mean,0.0,feature_importances_
prev_name_goods_category_weapon_mean,0.0,feature_importances_
prev_name_goods_category_vehicles_mean,0.0,feature_importances_
prev_name_goods_category_tourism_mean,0.0,feature_importances_
buro_credit_active_bad_debt_mean,0.0,feature_importances_
buro_credit_currency_currency_1_mean,0.0,feature_importances_
buro_credit_currency_currency_2_mean,0.0,feature_importances_
fondkapremont_mode_reg_oper_account,0.0,feature_importances_
fondkapremont_mode_org_spec_account,0.0,feature_importances_
fondkapremont_mode_not_specified,0.0,feature_importances_
fondkapremont_mode_nan,0.0,feature_importances_
prev_name_goods_category_fitness_mean,0.0,feature_importances_
housetype_mode_nan,0.0,feature_importances_
name_family_status_widow,0.0,feature_importances_
weekday_appr_process_start_sunday,0.0,feature_importances_
flag_email,0.0,feature_importances_
buro_credit_type_loan_for_working_capital_replenishment_mean,0.0,feature_importances_
buro_credit_type_loan_for_the_purchase_of_equipment_mean,0.0,feature_importances_
buro_credit_type_loan_for_purchase_of_shares_margin_lending_mean,0.0,feature_importances_
buro_credit_type_loan_for_business_development_mean,0.0,feature_importances_
buro_credit_type_interbank_credit_mean,0.0,feature_importances_
buro_credit_type_cash_loan_non_earmarked_mean,0.0,feature_importances_
prev_code_reject_reason_scofr_mean,0.0,feature_importances_
prev_code_reject_reason_client_mean,0.0,feature_importances_
prev_name_payment_type_cashless_from_the_account_of_the_employer_mean,0.0,feature_importances_
flag_document_6,0.0,feature_importances_
flag_document_5,0.0,feature_importances_
cc_amt_inst_min_regularity_min,0.0,feature_importances_
prev_name_goods_category_animals_mean,0.0,feature_importances_
prev_name_goods_category_additional_service_mean,0.0,feature_importances_
prev_name_client_type_xna_mean,0.0,feature_importances_
prev_name_type_suite_group_of_people_mean,0.0,feature_importances_
prev_code_reject_reason_verif_mean,0.0,feature_importances_
buro_status_4_mean_mean,0.0,feature_importances_
prev_name_cash_loan_purpose_wedding_gift_holiday_mean,0.0,feature_importances_
cc_cnt_drawings_current_min,0.0,feature_importances_
active_credit_day_overdue_mean,0.0,feature_importances_
cc_cnt_drawings_atm_current_min,0.0,feature_importances_
prev_name_cash_loan_purpose_hobby_mean,0.0,feature_importances_
prev_name_cash_loan_purpose_money_for_a_third_person_mean,0.0,feature_importances_
prev_name_cash_loan_purpose_medicine_mean,0.0,feature_importances_
prev_name_cash_loan_purpose_journey_mean,0.0,feature_importances_
prev_name_cash_loan_purpose_payments_on_other_loans_mean,0.0,feature_importances_
prev_name_cash_loan_purpose_repairs_mean,0.0,feature_importances_
prev_name_cash_loan_purpose_refusal_to_name_the_goal_mean,0.0,feature_importances_
prev_name_cash_loan_purpose_purchase_of_electronic_equipment_mean,0.0,feature_importances_
flag_emp_phone,0.0,feature_importances_
prev_name_cash_loan_purpose_buying_a_home_mean,0.0,feature_importances_
prev_name_cash_loan_purpose_buying_a_holiday_home_land_mean,0.0,feature_importances_
prev_name_cash_loan_purpose_buying_a_garage_mean,0.0,feature_importances_
prev_name_cash_loan_purpose_business_development_mean,0.0,feature_importances_
prev_name_cash_loan_purpose_building_a_house_or_an_annex_mean,0.0,feature_importances_
prev_flag_last_appl_per_contract_y_mean,0.0,feature_importances_
prev_flag_last_appl_per_contract_n_mean,0.0,feature_importances_
prev_name_contract_type_xna_mean,0.0,feature_importances_
cc_cnt_drawings_other_current_mean,0.0,feature_importances_
cc_cnt_drawings_other_current_max,0.0,feature_importances_
cc_cnt_drawings_other_current_min,0.0,feature_importances_
prev_name_cash_loan_purpose_furniture_mean,0.0,feature_importances_
prev_name_cash_loan_purpose_gasification_water_supply_mean,0.0,feature_importances_
prev_name_cash_loan_purpose_buying_a_new_car_mean,0.0,feature_importances_
prev_name_cash_loan_purpose_car_repairs_mean,0.0,feature_importances_
prev_name_cash_loan_purpose_buying_a_used_car_mean,0.0,feature_importances_
closed_amt_credit_sum_overdue_mean,0.0,feature_importances_
emergencystate_mode_nan,0.0,feature_importances_
emergencystate_mode_yes,0.0,feature_importances_
cc_cnt_drawings_pos_current_max,0.0,feature_importances_
prev_name_cash_loan_purpose_education_mean,0.0,feature_importances_
prev_name_cash_loan_purpose_everyday_expenses_mean,0.0,feature_importances_
closed_credit_day_overdue_mean,0.0,feature_importances_
closed_credit_day_overdue_max,0.0,feature_importances_
cc_sk_dpd_def_mean,0.0,feature_importances_
closed_cnt_credit_prolong_sum,0.0,feature_importances_
cc_name_contract_status_active_min,0.0,feature_importances_
cc_name_contract_status_active_max,0.0,feature_importances_
cc_name_contract_status_approved_max,0.0,feature_importances_
cc_name_contract_status_approved_mean,0.0,feature_importances_
amt_req_credit_bureau_hour,0.0,feature_importances_
amt_req_credit_bureau_day,0.0,feature_importances_
